Name,Entity
体育馆预约,"{'体育馆': ['体育馆名称', '体育场地'], 'datetimeV2': 0}"
Name,Entity
体育馆预约,"{'体育馆': ['体育馆名称', '体育场地'], 'datetimeV2': 0}"
Name,Entity
体育馆预约,"{'体育馆': ['体育馆名称', '体育场地'], 'datetimeV2': 0}"
Name,Entity
体育馆预约,"{'体育馆': ['体育馆名称', '体育场地'], 'datetimeV2': 0}"
Name,Entity
体育馆预约,"{'体育馆': ['体育馆名称', '体育场地'], 'datetimeV2': 0}"
Name,Entity
体育馆预约,"{'体育馆': ['体育馆名称', '体育场地'], 'datetimeV2': 0}"
Name,Entity
体育馆预约,"{'体育馆': ['体育馆名称', '体育场地'], 'datetimeV2': 0}"
Name,Entity
体育馆预约,"{'体育馆': ['体育馆名称', '体育场地'], 'datetimeV2': 0}"
Name,Entity
体育馆预约,"{'体育馆': ['体育馆名称', '体育场地'], 'datetimeV2': 0}"
Name,Entity
体育馆预约,"{'体育馆': ['体育馆名称', '体育场地'], 'datetimeV2': 0}"
Name,Entity
体育馆预约,"{'体育馆': ['体育馆名称', '体育场地'], 'datetimeV2': 0}"
Name,Entity
体育馆预约,"{'体育馆': ['体育馆名称', '体育场地'], 'datetimeV2': 0}"
Name,Entity
体育馆预约,"{'体育馆': ['体育馆名称', '体育场地'], 'datetimeV2': 0}"
Name,Entity
体育馆预约,"{'体育馆': ['体育馆名称', '体育场地'], 'datetimeV2': 0}"
Name,Entity
体育馆预约,"{'体育馆': ['体育馆名称', '体育场地'], 'datetimeV2': 0}"
Name,Entity
体育馆预约,"{'体育馆': ['体育馆名称', '体育场地'], 'datetimeV2': 0}"
Name,Entity
体育馆预约,"{'体育馆': ['体育馆名称', '体育场地'], 'datetimeV2': 0}"
Name,Entity
体育馆预约,"{'体育馆': ['体育馆名称', '体育场地'], 'datetimeV2': 0}"
Name,Entity
体育馆预约,"{'体育馆': ['体育馆名称', '体育场地'], 'datetimeV2': 0}"
